ID,Name,PhotoUrl
668066346,Alfredo Collins,https://randomuser.me/api/portraits/men/72.jpg
174995665,June Cooper,https://randomuser.me/api/portraits/women/28.jpg
852283750,Kristen Myers,https://randomuser.me/api/portraits/women/52.jpg
389190099,Norman Perkins,https://randomuser.me/api/portraits/men/78.jpg
696668511,Alexa Hopkins,https://randomuser.me/api/portraits/women/27.jpg
398660200,Kitty Fleming,https://randomuser.me/api/portraits/women/87.jpg
225838598,Leta Johnston,https://randomuser.me/api/portraits/women/54.jpg
154257499,Lillie Reyes,https://randomuser.me/api/portraits/women/37.jpg
296567418,Zoe Sanders,https://randomuser.me/api/portraits/women/77.jpg
682904112,Wyatt Barrett,https://randomuser.me/api/portraits/men/44.jpg
